student_id,department,study_hours,attendance,previous_marks,final_marks,result
1,CSE,6.4,41,65,50,Pass
2,AI,1.4,46,99,45,Fail
3,CSE,4.2,41,41,33,Fail
4,AI,5.1,68,55,56,Pass
5,IT,5.4,54,87,70,Pass
6,IT,8.1,40,50,55,Pass
7,CSE,2.8,53,73,41,Fail
8,IT,3.8,62,74,62,Pass
9,CSE,8.1,86,88,84,Pass
10,IT,9.7,64,40,65,Pass
11,CSE,8.3,79,76,79,Pass
12,CSE,7.0,42,59,52,Pass
13,IT,8.6,95,42,64,Pass
14,IT,4.5,93,76,58,Pass
15,CSE,3.6,82,64,63,Pass
16,CSE,6.1,50,98,64,Pass
17,CSE,4.6,57,58,48,Fail
18,IT,2.3,42,70,45,Fail
19,AI,0.7,98,70,46,Fail
20,IT,5.0,96,88,63,Pass
21,AI,1.4,87,98,59,Pass
22,CSE,5.8,97,81,70,Pass
23,CSE,10.0,48,95,83,Pass
24,AI,7.6,68,44,53,Pass
25,CSE,1.6,83,84,64,Pass
26,IT,3.8,78,89,69,Pass
27,AI,9.7,95,31,54,Pass
28,IT,8.8,88,64,80,Pass
29,CSE,1.1,68,50,41,Fail
30,CSE,9.5,96,63,79,Pass
31,AI,5.1,46,68,62,Pass
32,AI,6.1,49,77,54,Pass
33,AI,9.5,99,97,77,Pass
34,IT,3.2,41,44,36,Fail
35,AI,2.4,55,40,26,Fail
36,CSE,4.9,44,98,57,Pass
37,IT,6.6,100,100,75,Pass
38,AI,5.3,78,84,61,Pass
39,IT,7.6,84,55,61,Pass
40,AI,10.0,81,77,81,Pass
41,IT,4.5,55,58,40,Fail
42,CSE,0.2,75,59,47,Fail
43,CSE,0.1,85,37,29,Fail
44,AI,9.1,95,72,67,Pass
45,AI,2.4,82,92,56,Pass
46,IT,1.3,99,90,57,Pass
47,AI,8.1,52,42,44,Fail
48,AI,4.3,67,82,63,Pass
49,IT,0.5,81,42,26,Fail
50,CSE,7.3,91,43,54,Pass
51,CSE,1.9,68,47,41,Fail
52,AI,2.8,55,39,39,Fail
53,CSE,1.0,81,99,49,Fail
54,IT,9.3,94,60,66,Pass
55,CSE,4.9,53,81,49,Fail
56,IT,3.8,64,63,53,Pass
57,CSE,4.2,86,92,61,Pass
58,AI,3.0,43,99,48,Fail
59,AI,3.1,43,91,60,Pass
60,CSE,1.6,72,40,30,Fail
61,CSE,6.0,83,60,61,Pass
62,AI,9.4,76,61,76,Pass
63,AI,0.4,45,83,51,Pass
64,AI,5.2,99,63,57,Pass
65,CSE,7.2,55,63,60,Pass
66,CSE,6.7,59,88,67,Pass
67,AI,0.1,79,42,25,Fail
68,CSE,2.1,56,46,37,Fail
69,IT,8.8,63,66,60,Pass
70,AI,8.3,85,68,78,Pass
71,AI,5.3,68,100,71,Pass
72,CSE,1.0,96,47,39,Fail
73,IT,8.9,87,100,78,Pass
74,AI,2.8,53,73,44,Fail
75,IT,6.3,56,94,73,Pass
76,AI,9.1,94,36,52,Pass
77,IT,4.2,57,35,28,Fail
78,AI,7.7,80,63,59,Pass
79,CSE,4.4,85,84,71,Pass
80,CSE,1.1,100,49,50,Pass
81,IT,8.3,77,100,74,Pass
82,IT,1.3,59,76,37,Fail
83,AI,2.1,55,43,36,Fail
84,CSE,8.8,66,49,56,Pass
85,CSE,9.8,91,52,71,Pass
86,AI,1.8,99,72,57,Pass
87,CSE,8.6,91,61,66,Pass
88,IT,7.9,46,78,55,Pass
89,IT,2.2,92,88,61,Pass
90,CSE,8.2,95,59,64,Pass
91,CSE,6.6,65,72,60,Pass
92,AI,9.7,57,74,80,Pass
93,CSE,4.0,93,98,70,Pass
94,IT,1.2,56,52,44,Fail
95,AI,0.4,78,85,52,Pass
96,IT,7.9,67,95,68,Pass
97,AI,9.0,52,62,53,Pass
98,IT,4.4,73,98,63,Pass
99,IT,4.3,100,72,71,Pass
100,IT,6.6,47,68,62,Pass
101,AI,6.7,60,81,64,Pass
102,AI,1.3,66,78,43,Fail
103,IT,5.7,65,100,60,Pass
104,IT,2.9,67,71,54,Pass
105,AI,4.4,68,95,67,Pass
106,AI,1.7,45,66,46,Fail
107,AI,6.3,61,41,44,Fail
108,CSE,3.1,91,55,44,Fail
109,IT,0.5,68,39,35,Fail
110,IT,8.9,76,54,66,Pass
111,IT,4.0,49,30,27,Fail
112,CSE,2.2,91,96,67,Pass
113,CSE,5.6,68,45,58,Pass
114,AI,8.0,82,97,86,Pass
115,AI,3.2,88,86,71,Pass
116,CSE,8.9,67,100,84,Pass
117,CSE,7.4,70,87,69,Pass
118,AI,8.4,57,96,80,Pass
119,CSE,2.4,68,39,35,Fail
120,CSE,2.7,60,99,52,Pass
121,CSE,1.5,64,49,33,Fail
122,IT,4.1,61,99,68,Pass
123,AI,0.6,93,83,56,Pass
124,CSE,9.5,41,78,73,Pass
125,AI,9.4,59,79,75,Pass
126,CSE,7.5,74,58,66,Pass
127,IT,2.7,71,33,38,Fail
128,IT,6.7,91,81,66,Pass
129,IT,9.2,79,98,73,Pass
130,AI,5.9,82,33,39,Fail
131,CSE,4.3,95,89,62,Pass
132,IT,2.6,60,57,47,Fail
133,IT,3.4,96,78,59,Pass
134,AI,2.5,45,90,42,Fail
135,AI,5.4,100,74,63,Pass
136,CSE,0.7,81,35,22,Fail
137,CSE,2.0,41,49,31,Fail
138,AI,4.7,47,57,50,Pass
139,AI,2.6,63,51,50,Pass
140,IT,9.6,85,44,58,Pass
141,AI,1.1,41,69,47,Fail
142,CSE,9.1,64,80,68,Pass
143,AI,5.9,93,61,54,Pass
144,CSE,7.7,94,45,68,Pass
145,AI,3.5,67,77,47,Fail
146,CSE,6.5,40,83,66,Pass
147,IT,4.3,63,88,55,Pass
148,AI,1.8,73,64,55,Pass
149,IT,7.7,69,85,79,Pass
150,IT,3.2,55,41,35,Fail
151,CSE,2.4,69,78,52,Pass
152,CSE,4.9,60,53,53,Pass
153,AI,3.5,56,73,49,Fail
154,CSE,7.0,57,31,51,Pass
155,AI,0.9,68,82,58,Pass
156,AI,7.6,84,90,86,Pass
157,IT,4.9,90,32,38,Fail
158,AI,2.2,68,61,47,Fail
159,IT,5.8,70,100,77,Pass
160,IT,4.3,87,100,70,Pass
161,CSE,7.0,57,69,58,Pass
162,AI,1.2,52,70,35,Fail
163,CSE,5.4,88,53,51,Pass
164,IT,7.4,57,97,81,Pass
165,CSE,9.8,93,54,69,Pass
166,CSE,3.6,59,31,42,Fail
167,AI,2.7,43,100,56,Pass
168,CSE,9.4,80,92,74,Pass
169,IT,5.7,70,91,72,Pass
170,CSE,1.8,43,62,44,Fail
171,AI,8.2,65,92,66,Pass
172,AI,6.3,43,49,41,Fail
173,AI,9.5,45,61,55,Pass
174,IT,7.6,78,58,68,Pass
175,IT,4.5,68,68,62,Pass
176,AI,3.1,79,37,49,Fail
177,CSE,1.0,88,56,53,Pass
178,CSE,2.6,45,50,34,Fail
179,IT,5.5,50,30,42,Fail
180,CSE,6.9,70,67,52,Pass
181,AI,2.9,58,88,48,Fail
182,CSE,2.3,56,55,43,Fail
183,CSE,5.4,81,49,50,Pass
184,AI,0.7,50,69,49,Fail
185,CSE,8.2,98,66,75,Pass
186,AI,4.7,59,81,56,Pass
187,CSE,5.4,68,40,55,Pass
188,IT,8.9,87,71,82,Pass
189,AI,0.3,54,32,22,Fail
190,AI,0.4,88,52,45,Fail
191,AI,6.5,98,65,60,Pass
192,IT,4.4,92,92,60,Pass
193,CSE,3.5,61,71,44,Fail
194,AI,3.3,84,93,63,Pass
195,IT,9.5,92,100,78,Pass
196,IT,0.9,56,71,35,Fail
197,IT,8.6,92,30,63,Pass
198,AI,4.1,52,96,62,Pass
199,CSE,7.6,80,86,64,Pass
200,AI,2.7,48,66,48,Fail
201,IT,4.8,41,60,42,Fail
202,CSE,5.5,75,82,56,Pass
203,CSE,9.9,68,44,71,Pass
204,AI,6.5,49,93,66,Pass
205,CSE,7.1,66,91,76,Pass
206,AI,4.6,49,79,51,Pass
207,IT,5.1,96,47,45,Fail
208,AI,7.7,94,83,75,Pass
209,AI,2.7,40,66,42,Fail
210,IT,5.8,82,92,65,Pass
211,AI,5.4,62,72,64,Pass
212,AI,3.8,99,71,56,Pass
213,CSE,2.4,64,59,47,Fail
214,AI,3.2,70,78,57,Pass
215,CSE,7.9,81,49,64,Pass
216,IT,1.3,77,72,41,Fail
217,AI,1.0,98,88,48,Fail
218,IT,1.4,95,49,35,Fail
219,AI,7.8,56,73,73,Pass
220,IT,4.0,45,72,57,Pass
221,CSE,9.5,80,92,88,Pass
222,AI,6.2,55,66,53,Pass
223,CSE,0.9,46,42,33,Fail
224,IT,6.9,97,33,44,Fail
225,IT,8.0,58,75,67,Pass
226,AI,1.5,73,82,60,Pass
227,AI,7.9,50,52,46,Fail
228,AI,8.7,79,60,71,Pass
229,IT,1.4,69,62,47,Fail
230,AI,6.7,97,89,74,Pass
231,AI,5.5,44,86,61,Pass
232,IT,3.0,67,62,51,Pass
233,CSE,2.0,64,91,48,Fail
234,CSE,3.8,62,67,50,Pass
235,CSE,9.8,82,80,76,Pass
236,AI,5.7,83,36,57,Pass
237,AI,5.0,97,66,58,Pass
238,IT,8.0,54,54,65,Pass
239,CSE,6.8,86,47,66,Pass
240,IT,9.0,81,35,56,Pass
241,IT,0.3,63,46,24,Fail
242,CSE,3.3,66,52,40,Fail
243,AI,7.9,96,76,79,Pass
244,IT,9.1,93,51,64,Pass
245,IT,9.7,58,73,63,Pass
246,AI,9.6,49,58,64,Pass
247,IT,3.7,90,80,51,Pass
248,AI,5.4,69,77,59,Pass
249,AI,3.8,80,77,51,Pass
250,CSE,2.3,41,71,53,Pass
251,AI,6.5,80,89,70,Pass
252,IT,4.1,48,35,27,Fail
253,AI,10.0,47,42,53,Pass
254,IT,1.4,69,77,56,Pass
255,AI,5.9,86,49,58,Pass
256,CSE,1.0,71,82,48,Fail
257,CSE,6.9,53,86,70,Pass
258,AI,8.6,46,77,73,Pass
259,CSE,3.6,65,65,46,Fail
260,AI,9.5,92,88,74,Pass
261,IT,2.1,80,32,26,Fail
262,AI,2.4,48,56,31,Fail
263,CSE,2.1,53,59,40,Fail
264,CSE,7.9,78,30,49,Fail
265,CSE,9.9,74,62,64,Pass
266,IT,6.6,41,46,36,Fail
267,CSE,7.9,55,71,53,Pass
268,CSE,2.7,48,83,57,Pass
269,AI,7.5,70,87,72,Pass
270,AI,5.9,68,94,66,Pass
271,IT,0.4,90,96,57,Pass
272,IT,6.4,41,37,47,Fail
273,CSE,4.3,46,92,63,Pass
274,CSE,9.0,60,48,50,Pass
275,IT,2.8,80,100,64,Pass
276,AI,9.9,73,67,75,Pass
277,AI,6.1,46,44,55,Pass
278,IT,8.8,75,57,67,Pass
279,IT,8.9,66,73,73,Pass
280,IT,4.2,46,70,53,Pass
281,CSE,6.7,63,49,57,Pass
282,CSE,0.9,45,41,31,Fail
283,CSE,7.4,63,46,60,Pass
284,IT,5.9,75,72,54,Pass
285,IT,3.5,82,84,52,Pass
286,AI,6.0,62,43,56,Pass
287,CSE,2.1,82,91,56,Pass
288,IT,3.5,75,77,49,Fail
289,AI,5.7,91,84,76,Pass
290,AI,6.1,81,33,57,Pass
291,IT,8.3,57,33,44,Fail
292,CSE,7.0,59,73,63,Pass
293,CSE,1.8,49,81,40,Fail
294,CSE,7.4,41,41,53,Pass
295,IT,3.8,69,73,49,Fail
296,CSE,3.1,60,40,28,Fail
297,IT,1.6,79,36,27,Fail
298,IT,4.4,67,92,72,Pass
299,IT,4.1,53,95,54,Pass
300,AI,4.3,58,92,67,Pass
